"SOURCE_PATH","TARGET_PATH","MIGRATION_MODE","SOURCE_SHA256","PUBLIC_SHA256","MATCH_EXPECTATION","VERIFIED","TRANSFORMATION_REASON"
"Code.zip::fw-AC79_AIoT_SDK120/LICENSE","third_party/licenses/JieLi-AC79-SDK-LICENSE.txt","VERBATIM","c71d239df91726fc519c6eb72d318ec65820627232b2f796219e87dcf35d0ab4","c71d239df91726fc519c6eb72d318ec65820627232b2f796219e87dcf35d0ab4","EQUAL","YES",""
"Code.zip::fw-AC79_AIoT_SDK120/apps/demo/demo_DevKitBoard/app_main.c","projects/01-connectivity-mainline/course/apps/demo/demo_DevKitBoard/app_main.c","VERBATIM","2d46220af400606a16d44c71b2c3c2d0f5b324c68b419caf242263e21bf88934","2d46220af400606a16d44c71b2c3c2d0f5b324c68b419caf242263e21bf88934","EQUAL","YES",""
"Code.zip::fw-AC79_AIoT_SDK120/apps/demo/demo_DevKitBoard/wifi_demo_task.c","projects/01-connectivity-mainline/course/apps/demo/demo_DevKitBoard/wifi_demo_task.c","SANITIZED_DERIVATIVE","d7aaa1084743d060ee16b53afb1ba9a83c797ee2f4ae8e0a5a9f84dd12f2cc1c","db440374b949164da50c1722bf4cb310ddbf8023700bf04c74790518e9d3cd2d","DIFFERENT","YES","CREDENTIAL_REDACTION"
"Code.zip::fw-AC79_AIoT_SDK120/apps/demo/demo_DevKitBoard/include/app_config.h","projects/01-connectivity-mainline/course/apps/demo/demo_DevKitBoard/include/app_config.h","VERBATIM","27c75a564db2e4cbda6e96a8dcc7dbc204890edebeca9e10491197337ca56cf4","27c75a564db2e4cbda6e96a8dcc7dbc204890edebeca9e10491197337ca56cf4","EQUAL","YES",""
"Code.zip::fw-AC79_AIoT_SDK120/apps/demo/demo_DevKitBoard/include/demo_config.h","projects/01-connectivity-mainline/course/apps/demo/demo_DevKitBoard/include/demo_config.h","VERBATIM","d6c70aea204840d1f6c91f456a82af8d95e6e7ee6fccf94a8ed4e15e69a2781d","d6c70aea204840d1f6c91f456a82af8d95e6e7ee6fccf94a8ed4e15e69a2781d","EQUAL","YES",""
"Code.zip::fw-AC79_AIoT_SDK120/apps/demo/demo_DevKitBoard/spp_trans_data.c","projects/01-connectivity-mainline/course/apps/demo/demo_DevKitBoard/spp_trans_data.c","VERBATIM","d3e6a359a1b1062792e0c11ba43f1275588fb6c8d142d76724208b95f0502668","d3e6a359a1b1062792e0c11ba43f1275588fb6c8d142d76724208b95f0502668","EQUAL","YES",""
"Code.zip::fw-AC79_AIoT_SDK120/itheima/itheima_tcp_client_demo.c","projects/01-connectivity-mainline/course/itheima/itheima_tcp_client_demo.c","VERBATIM","8ca1fdc494c83b114cf9fab9c3dc671cd809bcf1d2d18d785a4de22c1d3c746d","8ca1fdc494c83b114cf9fab9c3dc671cd809bcf1d2d18d785a4de22c1d3c746d","EQUAL","YES",""
"Code.zip::fw-AC79_AIoT_SDK120/itheima/itheima_mqtt_demo.c","projects/01-connectivity-mainline/course/itheima/itheima_mqtt_demo.c","SANITIZED_DERIVATIVE","2d580d4e818d9df0a44571b38bb07aae927729d1e7b4981a67b23b9a6ac450ab","248a7597b9e4fc25eb5286dff0a830c844064420e770e14677872fe434d1c659","DIFFERENT","YES","CREDENTIAL_REDACTION"
"Code.zip::fw-AC79_AIoT_SDK120/include_lib/net/mqtt/MQTTClient.h","projects/01-connectivity-mainline/course/include_lib/net/mqtt/MQTTClient.h","VERBATIM","40cd2d21f2c9a575bbccfa46befef42dd4afc77d97a395ecfee5edde40654a7f","40cd2d21f2c9a575bbccfa46befef42dd4afc77d97a395ecfee5edde40654a7f","EQUAL","YES",""
"Code.zip::fw-AC79_AIoT_SDK120/include_lib/net/mqtt/MQTTConnect.h","projects/01-connectivity-mainline/course/include_lib/net/mqtt/MQTTConnect.h","VERBATIM","927f8851b087664147678b220fcbdcea17bdbb99c87e17ceb38e192706e57e27","927f8851b087664147678b220fcbdcea17bdbb99c87e17ceb38e192706e57e27","EQUAL","YES",""
"Code.zip::fw-AC79_AIoT_SDK120/include_lib/net/mqtt/MQTTPacket.h","projects/01-connectivity-mainline/course/include_lib/net/mqtt/MQTTPacket.h","VERBATIM","91eb68ecf99aecbf836a9227a51c9723dad81356cb3887bf55f1f29ef696c21e","91eb68ecf99aecbf836a9227a51c9723dad81356cb3887bf55f1f29ef696c21e","EQUAL","YES",""
"Code.zip::fw-AC79_AIoT_SDK120/include_lib/net/mqtt/MQTTPublish.h","projects/01-connectivity-mainline/course/include_lib/net/mqtt/MQTTPublish.h","VERBATIM","c6cbecc113634c8819f1e5e186c8dc971aeab7a247ba2ae38bc8ab7164124a02","c6cbecc113634c8819f1e5e186c8dc971aeab7a247ba2ae38bc8ab7164124a02","EQUAL","YES",""
"Code.zip::fw-AC79_AIoT_SDK120/include_lib/net/mqtt/MQTTSubscribe.h","projects/01-connectivity-mainline/course/include_lib/net/mqtt/MQTTSubscribe.h","VERBATIM","7fd5ca02554bb6ae8bd29cb31c220ba5fbc3086ba51ac0a4963a37a8b3248889","7fd5ca02554bb6ae8bd29cb31c220ba5fbc3086ba51ac0a4963a37a8b3248889","EQUAL","YES",""
"Code.zip::fw-AC79_AIoT_SDK120/include_lib/net/mqtt/MQTTUnsubscribe.h","projects/01-connectivity-mainline/course/include_lib/net/mqtt/MQTTUnsubscribe.h","VERBATIM","ce0e2449af13c0324118126cb150001166486568a290686cdbe5556e193ba117","ce0e2449af13c0324118126cb150001166486568a290686cdbe5556e193ba117","EQUAL","YES",""
"Code.zip::fw-AC79_AIoT_SDK120/include_lib/system/os/FreeRTOS/FreeRTOS.h","projects/01-connectivity-mainline/course/include_lib/system/os/FreeRTOS/FreeRTOS.h","VERBATIM","95e9e1d40e5bc0c820aae3b2c9654021adfcdc5210f253cc70fcacdf9d102d9b","95e9e1d40e5bc0c820aae3b2c9654021adfcdc5210f253cc70fcacdf9d102d9b","EQUAL","YES",""
"Code.zip::fw-AC79_AIoT_SDK120/include_lib/system/os/FreeRTOS/FreeRTOSConfig.h","projects/01-connectivity-mainline/course/include_lib/system/os/FreeRTOS/FreeRTOSConfig.h","VERBATIM","3113998b76565e60c1258a148bebf2fdd303ea567f9ca2a0066806e7cba426e3","3113998b76565e60c1258a148bebf2fdd303ea567f9ca2a0066806e7cba426e3","EQUAL","YES",""
"Code.zip::fw-AC79_AIoT_SDK120/apps/demo/demo_ble/app_main.c","projects/reference/ble-gatt/course/apps/demo/demo_ble/app_main.c","VERBATIM","ecba60b1e6d9e93bd6f95634f143b32807de0e0f12774bd4dad67d1216c53bde","ecba60b1e6d9e93bd6f95634f143b32807de0e0f12774bd4dad67d1216c53bde","EQUAL","YES",""
"Code.zip::fw-AC79_AIoT_SDK120/apps/demo/demo_ble/include/app_config.h","projects/reference/ble-gatt/course/apps/demo/demo_ble/include/app_config.h","VERBATIM","22b27a3bb792cf04131f40acbb8a748cbd3a960be7a97c99d78ae937a72e6f08","22b27a3bb792cf04131f40acbb8a748cbd3a960be7a97c99d78ae937a72e6f08","EQUAL","YES",""
"Code.zip::fw-AC79_AIoT_SDK120/apps/demo/demo_ble/bt_ble/ble.c","projects/reference/ble-gatt/course/apps/demo/demo_ble/bt_ble/ble.c","VERBATIM","4069d37f8a85a08443c7c615bdea3f66a71bd012ba3e663756446fcda20adc94","4069d37f8a85a08443c7c615bdea3f66a71bd012ba3e663756446fcda20adc94","EQUAL","YES",""
"Code.zip::fw-AC79_AIoT_SDK120/apps/demo/demo_wifi/app_main.c","projects/reference/wifi-ap-provisioning/course/apps/demo/demo_wifi/app_main.c","VERBATIM","9c9fe3c227f9e9f7bbde85e0370541d41ab4eeb5970a267f211c494032a1ed6d","9c9fe3c227f9e9f7bbde85e0370541d41ab4eeb5970a267f211c494032a1ed6d","EQUAL","YES",""
"Code.zip::fw-AC79_AIoT_SDK120/apps/demo/demo_wifi/include/app_config.h","projects/reference/wifi-ap-provisioning/course/apps/demo/demo_wifi/include/app_config.h","VERBATIM","8b4cf4f4788f2686a5098976bc0aa95f8cd0fb14316a0aed16b648e33d2602ac","8b4cf4f4788f2686a5098976bc0aa95f8cd0fb14316a0aed16b648e33d2602ac","EQUAL","YES",""
"Code.zip::fw-AC79_AIoT_SDK120/apps/demo/demo_wifi/wifi_demo_task.c","projects/reference/wifi-ap-provisioning/course/apps/demo/demo_wifi/wifi_demo_task.c","SANITIZED_DERIVATIVE","1c6f42fb5d625c5928a2c1d60f6c63743e605693179a4fa3480ed9e5307c6ac6","8b1eea09efc908793c7e77f5888da09538ac37c5cdead24fb1f33ba52b38f899","DIFFERENT","YES","CREDENTIAL_REDACTION"
