"SOURCE_PATH","TARGET_PATH","PROJECT","CATEGORY","PLATFORM","MIGRATION_MODE","FILE_SIZE","PUBLIC_SIZE","SOURCE_SHA256","PUBLIC_SHA256","TRANSFORMATION_REASON"
"Code.zip::fw-AC79_AIoT_SDK120/LICENSE","third_party/licenses/JieLi-AC79-SDK-LICENSE.txt","Repository License Evidence","License","JieLi AC791N/WL82","VERBATIM","11357","11357","c71d239df91726fc519c6eb72d318ec65820627232b2f796219e87dcf35d0ab4","c71d239df91726fc519c6eb72d318ec65820627232b2f796219e87dcf35d0ab4",""
"Code.zip::fw-AC79_AIoT_SDK120/apps/demo/demo_DevKitBoard/app_main.c","projects/01-connectivity-mainline/course/apps/demo/demo_DevKitBoard/app_main.c","Connectivity Mainline","Application","JieLi AC791N/WL82","VERBATIM","9578","9578","2d46220af400606a16d44c71b2c3c2d0f5b324c68b419caf242263e21bf88934","2d46220af400606a16d44c71b2c3c2d0f5b324c68b419caf242263e21bf88934",""
"Code.zip::fw-AC79_AIoT_SDK120/apps/demo/demo_DevKitBoard/wifi_demo_task.c","projects/01-connectivity-mainline/course/apps/demo/demo_DevKitBoard/wifi_demo_task.c","Connectivity Mainline","Wi-Fi","JieLi AC791N/WL82","SANITIZED_DERIVATIVE","26313","26249","d7aaa1084743d060ee16b53afb1ba9a83c797ee2f4ae8e0a5a9f84dd12f2cc1c","db440374b949164da50c1722bf4cb310ddbf8023700bf04c74790518e9d3cd2d","CREDENTIAL_REDACTION"
"Code.zip::fw-AC79_AIoT_SDK120/apps/demo/demo_DevKitBoard/include/app_config.h","projects/01-connectivity-mainline/course/apps/demo/demo_DevKitBoard/include/app_config.h","Connectivity Mainline","Configuration","JieLi AC791N/WL82","VERBATIM","22859","22859","27c75a564db2e4cbda6e96a8dcc7dbc204890edebeca9e10491197337ca56cf4","27c75a564db2e4cbda6e96a8dcc7dbc204890edebeca9e10491197337ca56cf4",""
"Code.zip::fw-AC79_AIoT_SDK120/apps/demo/demo_DevKitBoard/include/demo_config.h","projects/01-connectivity-mainline/course/apps/demo/demo_DevKitBoard/include/demo_config.h","Connectivity Mainline","Configuration","JieLi AC791N/WL82","VERBATIM","4742","4742","d6c70aea204840d1f6c91f456a82af8d95e6e7ee6fccf94a8ed4e15e69a2781d","d6c70aea204840d1f6c91f456a82af8d95e6e7ee6fccf94a8ed4e15e69a2781d",""
"Code.zip::fw-AC79_AIoT_SDK120/apps/demo/demo_DevKitBoard/spp_trans_data.c","projects/01-connectivity-mainline/course/apps/demo/demo_DevKitBoard/spp_trans_data.c","Connectivity Mainline","Classic Bluetooth SPP","JieLi AC791N/WL82","VERBATIM","4975","4975","d3e6a359a1b1062792e0c11ba43f1275588fb6c8d142d76724208b95f0502668","d3e6a359a1b1062792e0c11ba43f1275588fb6c8d142d76724208b95f0502668",""
"Code.zip::fw-AC79_AIoT_SDK120/itheima/itheima_tcp_client_demo.c","projects/01-connectivity-mainline/course/itheima/itheima_tcp_client_demo.c","Connectivity Mainline","TCP Client","JieLi AC791N/WL82","VERBATIM","3654","3654","8ca1fdc494c83b114cf9fab9c3dc671cd809bcf1d2d18d785a4de22c1d3c746d","8ca1fdc494c83b114cf9fab9c3dc671cd809bcf1d2d18d785a4de22c1d3c746d",""
"Code.zip::fw-AC79_AIoT_SDK120/itheima/itheima_mqtt_demo.c","projects/01-connectivity-mainline/course/itheima/itheima_mqtt_demo.c","Connectivity Mainline","MQTT and Aliyun IoT","JieLi AC791N/WL82","SANITIZED_DERIVATIVE","7448","7229","2d580d4e818d9df0a44571b38bb07aae927729d1e7b4981a67b23b9a6ac450ab","248a7597b9e4fc25eb5286dff0a830c844064420e770e14677872fe434d1c659","CREDENTIAL_REDACTION"
"Code.zip::fw-AC79_AIoT_SDK120/include_lib/net/mqtt/MQTTClient.h","projects/01-connectivity-mainline/course/include_lib/net/mqtt/MQTTClient.h","Connectivity Mainline","MQTT Interface","JieLi AC791N/WL82","VERBATIM","2660","2660","40cd2d21f2c9a575bbccfa46befef42dd4afc77d97a395ecfee5edde40654a7f","40cd2d21f2c9a575bbccfa46befef42dd4afc77d97a395ecfee5edde40654a7f",""
"Code.zip::fw-AC79_AIoT_SDK120/include_lib/net/mqtt/MQTTConnect.h","projects/01-connectivity-mainline/course/include_lib/net/mqtt/MQTTConnect.h","Connectivity Mainline","MQTT Interface","JieLi AC791N/WL82","VERBATIM","4574","4574","927f8851b087664147678b220fcbdcea17bdbb99c87e17ceb38e192706e57e27","927f8851b087664147678b220fcbdcea17bdbb99c87e17ceb38e192706e57e27",""
"Code.zip::fw-AC79_AIoT_SDK120/include_lib/net/mqtt/MQTTPacket.h","projects/01-connectivity-mainline/course/include_lib/net/mqtt/MQTTPacket.h","Connectivity Mainline","MQTT Interface","JieLi AC791N/WL82","VERBATIM","4953","4953","91eb68ecf99aecbf836a9227a51c9723dad81356cb3887bf55f1f29ef696c21e","91eb68ecf99aecbf836a9227a51c9723dad81356cb3887bf55f1f29ef696c21e",""
"Code.zip::fw-AC79_AIoT_SDK120/include_lib/net/mqtt/MQTTPublish.h","projects/01-connectivity-mainline/course/include_lib/net/mqtt/MQTTPublish.h","Connectivity Mainline","MQTT Interface","JieLi AC791N/WL82","VERBATIM","1755","1755","c6cbecc113634c8819f1e5e186c8dc971aeab7a247ba2ae38bc8ab7164124a02","c6cbecc113634c8819f1e5e186c8dc971aeab7a247ba2ae38bc8ab7164124a02",""
"Code.zip::fw-AC79_AIoT_SDK120/include_lib/net/mqtt/MQTTSubscribe.h","projects/01-connectivity-mainline/course/include_lib/net/mqtt/MQTTSubscribe.h","Connectivity Mainline","MQTT Interface","JieLi AC791N/WL82","VERBATIM","1670","1670","7fd5ca02554bb6ae8bd29cb31c220ba5fbc3086ba51ac0a4963a37a8b3248889","7fd5ca02554bb6ae8bd29cb31c220ba5fbc3086ba51ac0a4963a37a8b3248889",""
"Code.zip::fw-AC79_AIoT_SDK120/include_lib/net/mqtt/MQTTUnsubscribe.h","projects/01-connectivity-mainline/course/include_lib/net/mqtt/MQTTUnsubscribe.h","Connectivity Mainline","MQTT Interface","JieLi AC791N/WL82","VERBATIM","1538","1538","ce0e2449af13c0324118126cb150001166486568a290686cdbe5556e193ba117","ce0e2449af13c0324118126cb150001166486568a290686cdbe5556e193ba117",""
"Code.zip::fw-AC79_AIoT_SDK120/include_lib/system/os/FreeRTOS/FreeRTOS.h","projects/01-connectivity-mainline/course/include_lib/system/os/FreeRTOS/FreeRTOS.h","Connectivity Mainline","RTOS Interface","JieLi AC791N/WL82","VERBATIM","33853","33853","95e9e1d40e5bc0c820aae3b2c9654021adfcdc5210f253cc70fcacdf9d102d9b","95e9e1d40e5bc0c820aae3b2c9654021adfcdc5210f253cc70fcacdf9d102d9b",""
"Code.zip::fw-AC79_AIoT_SDK120/include_lib/system/os/FreeRTOS/FreeRTOSConfig.h","projects/01-connectivity-mainline/course/include_lib/system/os/FreeRTOS/FreeRTOSConfig.h","Connectivity Mainline","RTOS Configuration","JieLi AC791N/WL82","VERBATIM","9145","9145","3113998b76565e60c1258a148bebf2fdd303ea567f9ca2a0066806e7cba426e3","3113998b76565e60c1258a148bebf2fdd303ea567f9ca2a0066806e7cba426e3",""
"Code.zip::fw-AC79_AIoT_SDK120/apps/demo/demo_ble/app_main.c","projects/reference/ble-gatt/course/apps/demo/demo_ble/app_main.c","BLE GATT Reference","Application","JieLi AC791N/WL82","VERBATIM","2991","2991","ecba60b1e6d9e93bd6f95634f143b32807de0e0f12774bd4dad67d1216c53bde","ecba60b1e6d9e93bd6f95634f143b32807de0e0f12774bd4dad67d1216c53bde",""
"Code.zip::fw-AC79_AIoT_SDK120/apps/demo/demo_ble/include/app_config.h","projects/reference/ble-gatt/course/apps/demo/demo_ble/include/app_config.h","BLE GATT Reference","Configuration","JieLi AC791N/WL82","VERBATIM","3130","3130","22b27a3bb792cf04131f40acbb8a748cbd3a960be7a97c99d78ae937a72e6f08","22b27a3bb792cf04131f40acbb8a748cbd3a960be7a97c99d78ae937a72e6f08",""
"Code.zip::fw-AC79_AIoT_SDK120/apps/demo/demo_ble/bt_ble/ble.c","projects/reference/ble-gatt/course/apps/demo/demo_ble/bt_ble/ble.c","BLE GATT Reference","BLE GATT","JieLi AC791N/WL82","VERBATIM","10744","10744","4069d37f8a85a08443c7c615bdea3f66a71bd012ba3e663756446fcda20adc94","4069d37f8a85a08443c7c615bdea3f66a71bd012ba3e663756446fcda20adc94",""
"Code.zip::fw-AC79_AIoT_SDK120/apps/demo/demo_wifi/app_main.c","projects/reference/wifi-ap-provisioning/course/apps/demo/demo_wifi/app_main.c","Wi-Fi AP and Provisioning Reference","Application","JieLi AC791N/WL82","VERBATIM","4725","4725","9c9fe3c227f9e9f7bbde85e0370541d41ab4eeb5970a267f211c494032a1ed6d","9c9fe3c227f9e9f7bbde85e0370541d41ab4eeb5970a267f211c494032a1ed6d",""
"Code.zip::fw-AC79_AIoT_SDK120/apps/demo/demo_wifi/include/app_config.h","projects/reference/wifi-ap-provisioning/course/apps/demo/demo_wifi/include/app_config.h","Wi-Fi AP and Provisioning Reference","Configuration","JieLi AC791N/WL82","VERBATIM","2746","2746","8b4cf4f4788f2686a5098976bc0aa95f8cd0fb14316a0aed16b648e33d2602ac","8b4cf4f4788f2686a5098976bc0aa95f8cd0fb14316a0aed16b648e33d2602ac",""
"Code.zip::fw-AC79_AIoT_SDK120/apps/demo/demo_wifi/wifi_demo_task.c","projects/reference/wifi-ap-provisioning/course/apps/demo/demo_wifi/wifi_demo_task.c","Wi-Fi AP and Provisioning Reference","Wi-Fi Reference","JieLi AC791N/WL82","SANITIZED_DERIVATIVE","26299","26235","1c6f42fb5d625c5928a2c1d60f6c63743e605693179a4fa3480ed9e5307c6ac6","8b1eea09efc908793c7e77f5888da09538ac37c5cdead24fb1f33ba52b38f899","CREDENTIAL_REDACTION"
"Code.zip::fw-AC79_AIoT_SDK120/itheima/itheima_mqtt_demo.c.save-failed","","Excluded Candidate","Credential or duplicate host reference","Multiple","EXCLUDED","7351","0","6a7a92dfdb64bdc2179f7c275efd2d923e788229094025fd380907525ad97706","","CREDENTIAL_OR_SCOPE_EXCLUSION"
"Code.zip::fw-AC79_AIoT_SDK120/apps/demo/demo_wifi/wifi_demo_task.c.save-failed","","Excluded Candidate","Credential or duplicate host reference","Multiple","EXCLUDED","26296","0","92ae2bd6dc9405e364bde3563bb02c450edf5afbce33c26d5d34694d4a56ba76","","CREDENTIAL_OR_SCOPE_EXCLUSION"
"Code.zip::03_python-linkkit-examples/dynamic_register_deprecated.py","","Excluded Candidate","Credential or duplicate host reference","Multiple","EXCLUDED","1947","0","6dae36e59b1a896a92c8a2109895853d01eae5e01534bf8c8416947e1422fb50","","CREDENTIAL_OR_SCOPE_EXCLUSION"
"Code.zip::03_python-linkkit-examples/dynamic_register_nwl.py","","Excluded Candidate","Credential or duplicate host reference","Multiple","EXCLUDED","4294","0","af95a91ee7ea6b1a341f47cfc590dc1fe03d0b0b17e9b3fe5a905a0cf6e8c5d4","","CREDENTIAL_OR_SCOPE_EXCLUSION"
"Code.zip::03_python-linkkit-examples/gateway_demo.py","","Excluded Candidate","Credential or duplicate host reference","Multiple","EXCLUDED","13614","0","e2327e9f30b4e194c774d6d30fe2f553fda92b4bb07f9a24fd731f82cb969f32","","CREDENTIAL_OR_SCOPE_EXCLUSION"
"Code.zip::03_python-linkkit-examples/mqtt_connect_TCP.py","","Excluded Candidate","Credential or duplicate host reference","Multiple","EXCLUDED","1966","0","34308463daef23cb6b786861bb8c882380db651f779a3f330a1321de074835a9","","CREDENTIAL_OR_SCOPE_EXCLUSION"
"Code.zip::03_python-linkkit-examples/mqtt_connect_TLS.py","","Excluded Candidate","Credential or duplicate host reference","Multiple","EXCLUDED","1940","0","18505b611cb93125e6c527cf94b476ea297556f28c8ba8271c0cae1bed8516d0","","CREDENTIAL_OR_SCOPE_EXCLUSION"
"Code.zip::03_python-linkkit-examples/mqtt_sub_pub_on.py","","Excluded Candidate","Credential or duplicate host reference","Multiple","EXCLUDED","3814","0","b743a580d722b76b5e054ee495624f6ac7ae49ef608c038f8331e5e1b3ab3dec","","CREDENTIAL_OR_SCOPE_EXCLUSION"
"Code.zip::03_python-linkkit-examples/ota_demo.py","","Excluded Candidate","Credential or duplicate host reference","Multiple","EXCLUDED","3743","0","e1d6b333b6520537bb8d7224bff87aa9295a333790c97c39480d6ae6ed9f55ed","","CREDENTIAL_OR_SCOPE_EXCLUSION"
"Code.zip::03_python-linkkit-examples/thing_alink.py","","Excluded Candidate","Credential or duplicate host reference","Multiple","EXCLUDED","5728","0","18dee91fd2dbda5b903494e32a1304115e99a779bc44a59c0a578aedeb6dfd04","","CREDENTIAL_OR_SCOPE_EXCLUSION"
"Code.zip::03_python-linkkit-examples/thing_custom.py","","Excluded Candidate","Credential or duplicate host reference","Multiple","EXCLUDED","4778","0","b71bedd5c13c05aaed132a61b1e4aa68abab13ad441810bd72f7151c7cb11b56","","CREDENTIAL_OR_SCOPE_EXCLUSION"
"Code.zip::04_aiot-python-demo/iot.py","","Excluded Candidate","Credential or duplicate host reference","Multiple","EXCLUDED","3745","0","03f6d636c688bf7f3ccf450d19bd4dbca0163045584d21b47f3faeb75373deda","","CREDENTIAL_OR_SCOPE_EXCLUSION"
"Code.zip::04_aiot-python-demo/MqttSign.py","","Excluded Candidate","Credential or duplicate host reference","Multiple","EXCLUDED","998","0","52443d4e731aa43c2babb125bba9f635db30b0a853ab68e66291fd7fe9f1ea27","","CREDENTIAL_OR_SCOPE_EXCLUSION"
